-- MySQL dump 10.13  Distrib 5.5.20, for Win32 (x86)
--
-- Host: localhost    Database: management_of_system
-- ------------------------------------------------------
-- Server version	5.5.20-log

/*!40101 SET @OLD_CHARACTER_SET_CLIENT=@@CHARACTER_SET_CLIENT */;
/*!40101 SET @OLD_CHARACTER_SET_RESULTS=@@CHARACTER_SET_RESULTS */;
/*!40101 SET @OLD_COLLATION_CONNECTION=@@COLLATION_CONNECTION */;
/*!40101 SET NAMES utf8 */;
/*!40103 SET @OLD_TIME_ZONE=@@TIME_ZONE */;
/*!40103 SET TIME_ZONE='+00:00' */;
/*!40014 SET @OLD_UNIQUE_CHECKS=@@UNIQUE_CHECKS, UNIQUE_CHECKS=0 */;
/*!40014 SET @OLD_FOREIGN_KEY_CHECKS=@@FOREIGN_KEY_CHECKS, FOREIGN_KEY_CHECKS=0 */;
/*!40101 SET @OLD_SQL_MODE=@@SQL_MODE, SQL_MODE='NO_AUTO_VALUE_ON_ZERO' */;
/*!40111 SET @OLD_SQL_NOTES=@@SQL_NOTES, SQL_NOTES=0 */;
-- creat dataBase
DROP DATABASE IF EXISTS `management_of_system`;
CREATE DATABASE IF NOT EXISTS `management_of_system` DEFAULT CHARACTER SET utf8 COLLATE utf8_general_ci;
-- create users table 
USE `management_of_system`;
--
-- Table structure for table `finance`
--
-- creat dataBase
use `management_of_system`;
DROP TABLE IF EXISTS `finance`;
/*!40101 SET @saved_cs_client     = @@character_set_client */;
/*!40101 SET character_set_client = utf8 */;
CREATE TABLE `finance` (
  `id` tinyint(3) unsigned NOT NULL AUTO_INCREMENT,
  `income` double NOT NULL,
  `Expenditure` double NOT NULL,
  `note` text NOT NULL,
  `date` datetime NOT NULL,
  PRIMARY KEY (`id`)
) ENGINE=InnoDB AUTO_INCREMENT=6 DEFAULT CHARSET=utf8;
/*!40101 SET character_set_client = @saved_cs_client */;

--
-- Dumping data for table `finance`
--

LOCK TABLES `finance` WRITE;
/*!40000 ALTER TABLE `finance` DISABLE KEYS */;
INSERT INTO `finance` VALUES (1,1000,0,'我的工资','2014-05-08 00:00:00'),(2,0,500,'打入余额宝','2014-05-08 00:00:00'),(3,2000,0,'工资','2014-05-08 00:00:00'),(4,0,20,'花了','2014-05-08 00:00:00'),(5,112,0,'','2014-05-12 00:00:00');
/*!40000 ALTER TABLE `finance` ENABLE KEYS */;
UNLOCK TABLES;

--
-- Table structure for table `sorts`
--

DROP TABLE IF EXISTS `sorts`;
/*!40101 SET @saved_cs_client     = @@character_set_client */;
/*!40101 SET character_set_client = utf8 */;
CREATE TABLE `sorts` (
  `id` tinyint(3) unsigned NOT NULL AUTO_INCREMENT,
  `name` varchar(255) NOT NULL COMMENT '类别名',
  `date` datetime NOT NULL,
  PRIMARY KEY (`id`)
) ENGINE=InnoDB AUTO_INCREMENT=16 DEFAULT CHARSET=utf8;
/*!40101 SET character_set_client = @saved_cs_client */;

--
-- Dumping data for table `sorts`
--

LOCK TABLES `sorts` WRITE;
/*!40000 ALTER TABLE `sorts` DISABLE KEYS */;
INSERT INTO `sorts` VALUES (0,'无分类','2014-10-24 00:00:00'),(1,'前端','2014-10-24 00:00:00'),(2,'程序','2014-10-24 18:56:00'),(3,'新闻','2014-10-24 18:56:15'),(4,'视频','2014-10-24 18:58:12'),(5,'体育','0000-00-00 00:00:00'),(6,'娱乐','2014-10-24 18:59:10'),(7,'有客','2014-10-24 18:59:29'),(8,'乐居','0000-00-00 00:00:00'),(9,'js 插件','2014-11-06 00:00:00'),(10,'博客','2014-11-08 00:00:00'),(11,'手册','2014-11-25 00:00:00'),(12,'UI','2014-11-26 00:00:00'),(13,'参考的网页demo','2014-12-06 00:00:00'),(14,'php_yii','2014-12-16 00:00:00'),(15,'电视剧','2015-01-09 00:00:00');
/*!40000 ALTER TABLE `sorts` ENABLE KEYS */;
UNLOCK TABLES;

--
-- Table structure for table `user`
--

DROP TABLE IF EXISTS `user`;
/*!40101 SET @saved_cs_client     = @@character_set_client */;
/*!40101 SET character_set_client = utf8 */;
CREATE TABLE `user` (
  `id` tinyint(3) unsigned NOT NULL AUTO_INCREMENT,
  `name` varchar(255) NOT NULL,
  `password` char(128) NOT NULL,
  `vido_date` datetime NOT NULL,
  PRIMARY KEY (`id`)
) ENGINE=InnoDB DEFAULT CHARSET=utf8;
/*!40101 SET character_set_client = @saved_cs_client */;

--
-- Dumping data for table `user`
--

LOCK TABLES `user` WRITE;
/*!40000 ALTER TABLE `user` DISABLE KEYS */;
/*!40000 ALTER TABLE `user` ENABLE KEYS */;
UNLOCK TABLES;

--
-- Table structure for table `video`
--

DROP TABLE IF EXISTS `video`;
/*!40101 SET @saved_cs_client     = @@character_set_client */;
/*!40101 SET character_set_client = utf8 */;
CREATE TABLE `video` (
  `id` tinyint(3) unsigned NOT NULL AUTO_INCREMENT,
  `title` varchar(500) NOT NULL,
  `source` text NOT NULL,
  `vido_date` datetime NOT NULL,
  PRIMARY KEY (`id`)
) ENGINE=InnoDB AUTO_INCREMENT=12 DEFAULT CHARSET=utf8;
/*!40101 SET character_set_client = @saved_cs_client */;

--
-- Dumping data for table `video`
--

LOCK TABLES `video` WRITE;
/*!40000 ALTER TABLE `video` DISABLE KEYS */;
INSERT INTO `video` VALUES (1,'吸引力的秘密','&lt;object type=&quot;application/x-shockwave-flash&quot; classid=&quot;clsid:d27cdb6e-ae6d-11cf-96b8-444553540000&quot; codebase=&quot;http://download.macromedia.com/pub/shockwave/cabs/flash/swflash.cab#version=10,0,0,0&quot; width=&quot;100%&quot; height=&quot;100%&quot; id=&quot;FPlayer&quot; align=&quot;middle&quot;&gt;	 &lt;param name=&quot;allowScriptAccess&quot; value=&quot;always&quot;&gt;	 &lt;param name=&quot;allowFullScreen&quot; value=&quot;true&quot;&gt;	 &lt;param name=&quot;movie&quot; value=&quot;http://swf.ws.126.net/openplayer/v01/-0-2_M8BDVT4K9_M8BG2VIVH-vimg1_ws_126_net//image/snapshot_movie/2012/9/L/9/M8BG31DL9-.swf&quot;&gt;	 &lt;param name=&quot;quality&quot; value=&quot;high&quot;&gt;	 &lt;param name=&quot;wmode&quot; value=&quot;opaque&quot;&gt;	 &lt;embed src=&quot;http://swf.ws.126.net/openplayer/v01/-0-2_M8BDVT4K9_M8BG2VIVH-vimg1_ws_126_net//image/snapshot_movie/2012/9/L/9/M8BG31DL9-.swf&quot; id=&quot;FPlayer&quot; quality=&quot;high&quot; width=&quot;550&quot; height=&quot;400&quot; name=&quot;FPlayer&quot; align=&quot;middle&quot; allowscriptaccess=&quot;always&quot; allowfullscreen=&quot;true&quot; type=&quot;application/x-shockwave-flash&quot; pluginspage=&quot;http://www.macromedia.com/go/getflashplayer&quot; wmode=&quot;opaque&quot;&gt;	 &lt;/object&gt;','2014-08-11 00:00:00'),(2,'发现自我之旅','&lt;object type=&quot;application/x-shockwave-flash&quot; classid=&quot;clsid:d27cdb6e-ae6d-11cf-96b8-444553540000&quot; codebase=&quot;http://download.macromedia.com/pub/shockwave/cabs/flash/swflash.cab#version=10,0,0,0&quot; width=&quot;100%&quot; height=&quot;100%&quot; id=&quot;FPlayer&quot; align=&quot;middle&quot;&gt;		  	&lt;param name=&quot;allowScriptAccess&quot; value=&quot;always&quot;&gt;		  	&lt;param name=&quot;allowFullScreen&quot; value=&quot;true&quot;&gt;		  	&lt;param name=&quot;movie&quot; value=&quot;http://swf.ws.126.net/openplayer/v01/-0-2_M8BDVT4K9_M8BG2NR1V-vimg1_ws_126_net//image/snapshot_movie/2012/9/G/A/M8BG2SPGA-.swf&quot;&gt;		  	&lt;param name=&quot;quality&quot; value=&quot;high&quot;&gt;		  	&lt;param name=&quot;wmode&quot; value=&quot;opaque&quot;&gt;		  	&lt;embed src=&quot;http://swf.ws.126.net/openplayer/v01/-0-2_M8BDVT4K9_M8BG2NR1V-vimg1_ws_126_net//image/snapshot_movie/2012/9/G/A/M8BG2SPGA-.swf&quot; id=&quot;FPlayer&quot; quality=&quot;high&quot; width=&quot;550&quot; height=&quot;400&quot; name=&quot;FPlayer&quot; align=&quot;middle&quot; allowscriptaccess=&quot;always&quot; allowfullscreen=&quot;true&quot; type=&quot;application/x-shockwave-flash&quot; pluginspage=&quot;http://www.macromedia.com/go/getflashplayer&quot; wmode=&quot;opaque&quot;&gt;		  	&lt;/object&gt;','2013-10-24 00:00:00'),(3,'告别压力山大','&lt;object type=&quot;application/x-shockwave-flash&quot; classid=&quot;clsid:d27cdb6e-ae6d-11cf-96b8-444553540000&quot; codebase=&quot;http://download.macromedia.com/pub/shockwave/cabs/flash/swflash.cab#version=10,0,0,0&quot; width=&quot;100%&quot; height=&quot;100%&quot; id=&quot;FPlayer&quot; align=&quot;middle&quot;&gt;		  	&lt;param name=&quot;allowScriptAccess&quot; value=&quot;always&quot;&gt;		  	&lt;param name=&quot;allowFullScreen&quot; value=&quot;true&quot;&gt;		  	&lt;param name=&quot;movie&quot; value=&quot;http://swf.ws.126.net/openplayer/v01/-0-2_M8BDVT4K9_M8D69HMV6-vimg1_ws_126_net//image/snapshot_movie/2012/10/R/D/M8D6ALORD-.swf&quot;&gt;		  	&lt;param name=&quot;quality&quot; value=&quot;high&quot;&gt;		  	&lt;param name=&quot;wmode&quot; value=&quot;opaque&quot;&gt;		  	&lt;embed src=&quot;http://swf.ws.126.net/openplayer/v01/-0-2_M8BDVT4K9_M8D69HMV6-vimg1_ws_126_net//image/snapshot_movie/2012/10/R/D/M8D6ALORD-.swf&quot; id=&quot;FPlayer&quot; quality=&quot;high&quot; width=&quot;550&quot; height=&quot;400&quot; name=&quot;FPlayer&quot; align=&quot;middle&quot; allowscriptaccess=&quot;always&quot; allowfullscreen=&quot;true&quot; type=&quot;application/x-shockwave-flash&quot; pluginspage=&quot;http://www.macromedia.com/go/getflashplayer&quot; wmode=&quot;opaque&quot;&gt;		  	&lt;/object&gt;','2013-10-24 00:00:00'),(4,'A型人格','&lt;object type=&quot;application/x-shockwave-flash&quot; classid=&quot;clsid:d27cdb6e-ae6d-11cf-96b8-444553540000&quot; codebase=&quot;http://download.macromedia.com/pub/shockwave/cabs/flash/swflash.cab#version=10,0,0,0&quot; width=&quot;100%&quot; height=&quot;100%&quot; id=&quot;FPlayer&quot; align=&quot;middle&quot;&gt;		  	&lt;param name=&quot;allowScriptAccess&quot; value=&quot;always&quot;&gt;		  	&lt;param name=&quot;allowFullScreen&quot; value=&quot;true&quot;&gt;		  	&lt;param name=&quot;movie&quot; value=&quot;http://swf.ws.126.net/openplayer/v01/-0-2_M8BDVT4K9_M8BG2RNDN-vimg1_ws_126_net//image/snapshot_movie/2012/9/H/I/M8BG2V0HI-.swf&quot;&gt;		  	&lt;param name=&quot;quality&quot; value=&quot;high&quot;&gt;		  	&lt;param name=&quot;wmode&quot; value=&quot;opaque&quot;&gt;		  	&lt;embed src=&quot;http://swf.ws.126.net/openplayer/v01/-0-2_M8BDVT4K9_M8BG2RNDN-vimg1_ws_126_net//image/snapshot_movie/2012/9/H/I/M8BG2V0HI-.swf&quot; id=&quot;FPlayer&quot; quality=&quot;high&quot; width=&quot;550&quot; height=&quot;400&quot; name=&quot;FPlayer&quot; align=&quot;middle&quot; allowscriptaccess=&quot;always&quot; allowfullscreen=&quot;true&quot; type=&quot;application/x-shockwave-flash&quot; pluginspage=&quot;http://www.macromedia.com/go/getflashplayer&quot; wmode=&quot;opaque&quot;&gt;		  	&lt;/object&gt;','2013-10-24 00:00:00'),(5,'非言语沟通','&lt;object type=&quot;application/x-shockwave-flash&quot; classid=&quot;clsid:d27cdb6e-ae6d-11cf-96b8-444553540000&quot; codebase=&quot;http://download.macromedia.com/pub/shockwave/cabs/flash/swflash.cab#version=10,0,0,0&quot; width=&quot;100%&quot; height=&quot;100%&quot; id=&quot;FPlayer&quot; align=&quot;middle&quot;&gt;		  	&lt;param name=&quot;allowScriptAccess&quot; value=&quot;always&quot;&gt;		  	&lt;param name=&quot;allowFullScreen&quot; value=&quot;true&quot;&gt;		  	&lt;param name=&quot;movie&quot; value=&quot;http://swf.ws.126.net/openplayer/v01/-0-2_M8BDVT4K9_M8CUMV606-vimg1_ws_126_net//image/snapshot_movie/2012/10/O/K/M8CUN2UOK-.swf&quot;&gt;		  	&lt;param name=&quot;quality&quot; value=&quot;high&quot;&gt;		  	&lt;param name=&quot;wmode&quot; value=&quot;opaque&quot;&gt;		  	&lt;embed src=&quot;http://swf.ws.126.net/openplayer/v01/-0-2_M8BDVT4K9_M8CUMV606-vimg1_ws_126_net//image/snapshot_movie/2012/10/O/K/M8CUN2UOK-.swf&quot; id=&quot;FPlayer&quot; quality=&quot;high&quot; width=&quot;550&quot; height=&quot;400&quot; name=&quot;FPlayer&quot; align=&quot;middle&quot; allowscriptaccess=&quot;always&quot; allowfullscreen=&quot;true&quot; type=&quot;application/x-shockwave-flash&quot; pluginspage=&quot;http://www.macromedia.com/go/getflashplayer&quot; wmode=&quot;opaque&quot;&gt;		  	&lt;/object&gt;','2013-10-24 00:00:00'),(6,'斯坦福大学公开课：iPad和iPhone应用开发(iOS5)&gt; MVC 和 Objective-C 介绍','&lt;object type=&quot;application/x-shockwave-flash&quot; classid=&quot;clsid:d27cdb6e-ae6d-11cf-96b8-444553540000&quot; codebase=&quot;http://download.macromedia.com/pub/shockwave/cabs/flash/swflash.cab#version=10,0,0,0&quot; width=&quot;550&quot; height=&quot;400&quot; id=&quot;FPlayer&quot; align=&quot;middle&quot;&gt;		  	&lt;param name=&quot;allowScriptAccess&quot; value=&quot;always&quot;&gt;		  	&lt;param name=&quot;allowFullScreen&quot; value=&quot;true&quot;&gt;		  	&lt;param name=&quot;movie&quot; value=&quot;http://swf.ws.126.net/openplayer/v01/-0-2_M807AH0S5_M807F02TP-vimg1_ws_126_net//image/snapshot_movie/2012/5/L/6/M820J07L6-.swf&quot;&gt;		  	&lt;param name=&quot;quality&quot; value=&quot;high&quot;&gt;		  	&lt;param name=&quot;wmode&quot; value=&quot;opaque&quot;&gt;		  	&lt;embed src=&quot;http://swf.ws.126.net/openplayer/v01/-0-2_M807AH0S5_M807F02TP-vimg1_ws_126_net//image/snapshot_movie/2012/5/L/6/M820J07L6-.swf&quot; id=&quot;FPlayer&quot; quality=&quot;high&quot; width=&quot;550&quot; height=&quot;400&quot; name=&quot;FPlayer&quot; align=&quot;middle&quot; allowscriptaccess=&quot;always&quot; allowfullscreen=&quot;true&quot; type=&quot;application/x-shockwave-flash&quot; pluginspage=&quot;http://www.macromedia.com/go/getflashplayer&quot; wmode=&quot;opaque&quot;&gt;		  	&lt;/object&gt;','2013-10-24 00:00:00'),(7,'斯坦福大学公开课：iPad和iPhone应用开发(iOS5) &gt; 我的第一个iOS应用程序','&lt;object type=&quot;application/x-shockwave-flash&quot; classid=&quot;clsid:d27cdb6e-ae6d-11cf-96b8-444553540000&quot; codebase=&quot;http://download.macromedia.com/pub/shockwave/cabs/flash/swflash.cab#version=10,0,0,0&quot; width=&quot;100%&quot; height=&quot;100%&quot; id=&quot;FPlayer&quot; align=&quot;middle&quot;&gt;		  	&lt;param name=&quot;allowScriptAccess&quot; value=&quot;always&quot;&gt;		  	&lt;param name=&quot;allowFullScreen&quot; value=&quot;true&quot;&gt;		  	&lt;param name=&quot;movie&quot; value=&quot;http://swf.ws.126.net/openplayer/v01/-0-2_M807AH0S5_M807F04UO-vimg1_ws_126_net//image/snapshot_movie/2013/7/F/C/M92GK92FC-.swf&quot;&gt;		  	&lt;param name=&quot;quality&quot; value=&quot;high&quot;&gt;		  	&lt;param name=&quot;wmode&quot; value=&quot;opaque&quot;&gt;		  	&lt;embed src=&quot;http://swf.ws.126.net/openplayer/v01/-0-2_M807AH0S5_M807F04UO-vimg1_ws_126_net//image/snapshot_movie/2013/7/F/C/M92GK92FC-.swf&quot; id=&quot;FPlayer&quot; quality=&quot;high&quot; width=&quot;550&quot; height=&quot;400&quot; name=&quot;FPlayer&quot; align=&quot;middle&quot; allowscriptaccess=&quot;always&quot; allowfullscreen=&quot;true&quot; type=&quot;application/x-shockwave-flash&quot; pluginspage=&quot;http://www.macromedia.com/go/getflashplayer&quot; wmode=&quot;opaque&quot;&gt;		  	&lt;/object&gt;','2013-10-24 00:00:00'),(8,'斯坦福大学公开课：iPad和iPhone应用开发(iOS5)&gt;Objective-C','&lt;object type=&quot;application/x-shockwave-flash&quot; classid=&quot;clsid:d27cdb6e-ae6d-11cf-96b8-444553540000&quot; codebase=&quot;http://download.macromedia.com/pub/shockwave/cabs/flash/swflash.cab#version=10,0,0,0&quot; width=&quot;100%&quot; height=&quot;100%&quot; id=&quot;FPlayer&quot; align=&quot;middle&quot;&gt;		  	&lt;param name=&quot;allowScriptAccess&quot; value=&quot;always&quot;&gt;		  	&lt;param name=&quot;allowFullScreen&quot; value=&quot;true&quot;&gt;		  	&lt;param name=&quot;movie&quot; value=&quot;http://swf.ws.126.net/openplayer/v01/-0-2_M807AH0S5_M807H2ACM-vimg1_ws_126_net//image/snapshot_movie/2013/8/C/I/M95AKHCCI-.swf&quot;&gt;		  	&lt;param name=&quot;quality&quot; value=&quot;high&quot;&gt;		  	&lt;param name=&quot;wmode&quot; value=&quot;opaque&quot;&gt;		  	&lt;embed src=&quot;http://swf.ws.126.net/openplayer/v01/-0-2_M807AH0S5_M807H2ACM-vimg1_ws_126_net//image/snapshot_movie/2013/8/C/I/M95AKHCCI-.swf&quot; id=&quot;FPlayer&quot; quality=&quot;high&quot; width=&quot;550&quot; height=&quot;400&quot; name=&quot;FPlayer&quot; align=&quot;middle&quot; allowscriptaccess=&quot;always&quot; allowfullscreen=&quot;true&quot; type=&quot;application/x-shockwave-flash&quot; pluginspage=&quot;http://www.macromedia.com/go/getflashplayer&quot; wmode=&quot;opaque&quot;&gt;		  	&lt;/object&gt;','2013-10-24 00:00:00'),(10,' 斯坦福大学公开课：编程范式&gt; 编程范式2','&lt;object type=&quot;application/x-shockwave-flash&quot; classid=&quot;clsid:d27cdb6e-ae6d-11cf-96b8-444553540000&quot; codebase=&quot;http://download.macromedia.com/pub/shockwave/cabs/flash/swflash.cab#version=10,0,0,0&quot; width=&quot;100%&quot; height=&quot;100%&quot; id=&quot;FPlayer&quot; align=&quot;middle&quot;&gt;		  	&lt;param name=&quot;allowScriptAccess&quot; value=&quot;always&quot;&gt;		  	&lt;param name=&quot;allowFullScreen&quot; value=&quot;true&quot;&gt;		  	&lt;param name=&quot;movie&quot; value=&quot;http://swf.ws.126.net/openplayer/v01/-0-2_M6SL23BRS_M6SL2N8OE-vimg1_ws_126_net//image/snapshot_movie/2011/7/6/9/M77C1GS69-.swf&quot;&gt;		  	&lt;param name=&quot;quality&quot; value=&quot;high&quot;&gt;		  	&lt;param name=&quot;wmode&quot; value=&quot;opaque&quot;&gt;		  	&lt;embed src=&quot;http://swf.ws.126.net/openplayer/v01/-0-2_M6SL23BRS_M6SL2N8OE-vimg1_ws_126_net//image/snapshot_movie/2011/7/6/9/M77C1GS69-.swf&quot; id=&quot;FPlayer&quot; quality=&quot;high&quot; width=&quot;550&quot; height=&quot;400&quot; name=&quot;FPlayer&quot; align=&quot;middle&quot; allowscriptaccess=&quot;always&quot; allowfullscreen=&quot;true&quot; type=&quot;application/x-shockwave-flash&quot; pluginspage=&quot;http://www.macromedia.com/go/getflashplayer&quot; wmode=&quot;opaque&quot;&gt;		  	&lt;/object&gt;','2013-10-25 00:00:00'),(11,'只需专注10分钟（冥想）','&lt;object type=&quot;application/x-shockwave-flash&quot; classid=&quot;clsid:d27cdb6e-ae6d-11cf-96b8-444553540000&quot; codebase=&quot;http://download.macromedia.com/pub/shockwave/cabs/flash/swflash.cab#version=10,0,0,0&quot; width=&quot;100%&quot; height=&quot;100%&quot; id=&quot;FPlayer&quot; align=&quot;middle&quot;&gt;		  	&lt;param name=&quot;allowScriptAccess&quot; value=&quot;always&quot;&gt;		  	&lt;param name=&quot;allowFullScreen&quot; value=&quot;true&quot;&gt;		  	&lt;param name=&quot;movie&quot; value=&quot;http://swf.ws.126.net/openplayer/v01/-0-2_M94IULLG6_M94IURE1L-vimg1_ws_126_net//image/snapshot_movie/2013/8/R/V/M94IUR7RV-.swf&quot;&gt;		  	&lt;param name=&quot;quality&quot; value=&quot;high&quot;&gt;		  	&lt;param name=&quot;wmode&quot; value=&quot;opaque&quot;&gt;		  	&lt;embed src=&quot;http://swf.ws.126.net/openplayer/v01/-0-2_M94IULLG6_M94IURE1L-vimg1_ws_126_net//image/snapshot_movie/2013/8/R/V/M94IUR7RV-.swf&quot; id=&quot;FPlayer&quot; quality=&quot;high&quot; width=&quot;550&quot; height=&quot;400&quot; name=&quot;FPlayer&quot; align=&quot;middle&quot; allowscriptaccess=&quot;always&quot; allowfullscreen=&quot;true&quot; type=&quot;application/x-shockwave-flash&quot; pluginspage=&quot;http://www.macromedia.com/go/getflashplayer&quot; wmode=&quot;opaque&quot;&gt;		  	&lt;/object&gt;','2013-10-25 00:00:00');
/*!40000 ALTER TABLE `video` ENABLE KEYS */;
UNLOCK TABLES;

--
-- Table structure for table `video_addres`
--

DROP TABLE IF EXISTS `video_addres`;
/*!40101 SET @saved_cs_client     = @@character_set_client */;
/*!40101 SET character_set_client = utf8 */;
CREATE TABLE `video_addres` (
  `id` tinyint(3) unsigned NOT NULL AUTO_INCREMENT,
  `name` varchar(255) NOT NULL,
  `url` varchar(225) NOT NULL,
  `info` varchar(2000) NOT NULL,
  `date` datetime NOT NULL,
  `sortsId` tinyint(3) unsigned NOT NULL COMMENT '当前信息属于哪个类别',
  PRIMARY KEY (`id`)
) ENGINE=InnoDB AUTO_INCREMENT=170 DEFAULT CHARSET=utf8;
/*!40101 SET character_set_client = @saved_cs_client */;

--
-- Dumping data for table `video_addres`
--

LOCK TABLES `video_addres` WRITE;
/*!40000 ALTER TABLE `video_addres` DISABLE KEYS */;
INSERT INTO `video_addres` VALUES (1,'日语入门课程','http://v.163.com/special/opencourse/japanese.html','暂无备注信息bbb！','2013-10-24 00:00:00',4),(2,'探索太阳','http://v.163.com/movie/2011/7/C/F/M852B7VLM_M857F55CF.html','探索太阳','2013-10-24 00:00:00',4),(3,'编程方法学','http://v.163.com/special/sp/programming.html','暂无备注信息！','2013-10-24 00:00:00',4),(4,'斯坦福大学公开课：编程范式','http://v.163.com/special/opencourse/paradigms.html','暂无备注信息！','2013-10-24 00:00:00',4),(5,'哈佛大学公开课：构建动态网站','http://v.163.com/special/opencourse/buildingdynamicwebsites.html','暂无备注信息！','2013-10-24 00:00:00',4),(6,'麻省理工学院公开课：算法导论','http://v.163.com/special/opencourse/algorithms.html','暂无备注信息！','2013-10-24 00:00:00',4),(7,'密歇根州公开课：平面设计','http://v.163.com/special/opencourse/designers.html','暂无备注信息！','2013-10-24 00:00:00',4),(14,'哈佛大学公开课：计算机科学导论','http://v.163.com/special/lectureroncomputerscience/?recomend=1','本课程教导学生如何思考,如何更有效地解决问题。涉及广泛的编程问题集——C以及PHP和JavaScript。','2013-12-26 00:00:00',4),(17,'自己做的html 库文件','F:/龙昊宏/html_module_lib/001/index.html','暂无备注信息！','2014-01-22 00:00:00',0),(19,'网友画《爸爸去哪儿》五萌娃成年后肖像 ','http://www.zj.xinhuanet.com/photo/2013-12/03/c_118400370.htm','素描肖像画','2014-02-14 00:00:00',0),(21,'猎图网','http://www.kuaichale.com/hot/ltw/?from=163neiL2','猎图网','2014-02-14 00:00:00',3),(22,'榕树后台','http://rongshu1.pj.china-php.com:82/index.php?modular=admin&ac=index','榕树1','2014-02-14 00:00:00',7),(25,'website','http://www.website.eyouke.net','暂无备注信息！','2014-02-14 00:00:00',7),(27,'行愿九华','http://www.xingyuanjiuhua.com/','行愿九华正式网站','2014-03-03 00:00:00',7),(28,'安徽松都旅游网','http://www.yungusi.com/','暂无备注信息！','2014-03-21 00:00:00',7),(30,'家天下','http://www.jtx520.com/','暂无备注信息！','2014-04-08 00:00:00',7),(31,'南京綦谷科技公司','http://oa.topdeep.cn//Logon.action','niexin\r\ngaoling\r\nyoupaipai\r\nshidewen\r\nzhangli\r\nluojunke\r\nqqin.yan\r\njming.he\r\njun.xu\r\njiachun.dai','2014-04-08 00:00:00',0),(33,'州游网','http://www.zytrip.com/','暂无备注信息！','2014-04-18 00:00:00',7),(34,'耐克官网','http://www.nike.com/cn/zh_cn/','暂无备注信息！','2014-05-08 00:00:00',5),(35,'江苏旅游资讯网','http://dms.website.eyouke.net/','江苏旅游信息网','2014-05-09 00:00:00',7),(36,'有客系统管理中心','http://beijingqinglv.pj.eyouke.net:81/admin/login','有客三代系统后台','2014-05-12 00:00:00',7),(37,'北京青旅后台','http://beijingqinglv.pj.eyouke.net:81/admin/login','暂无备注信息！','2014-05-14 00:00:00',7),(38,'江苏省旅游协会','http://xiehui.website.eyouke.net/','暂无备注信息！','2014-05-17 00:00:00',7),(39,'DMS 后台地址','http://dms.website.eyouke.net/manage/pub/login','暂无备注信息！','2014-05-19 00:00:00',7),(40,'安徽佑途网','http://www.youtour.cc/','安徽佑途网','2014-05-28 00:00:00',7),(42,'有客做过的网站列表','file:///F:/%E9%BE%99%E6%98%8A%E5%AE%8F/work/html/%E6%9C%89%E5%AE%A2%E7%BD%91%E7%BB%9C%E5%85%AC%E5%8F%B8/infoDB/html/index.html','暂无备注信息！','2014-06-09 00:00:00',7),(44,'计算机科学及编程导论','http://v.163.com/movie/2010/6/D/6/M6TCSIN1U_M6TCSTQD6.html','这门课程适用于那些拥有很少或没有编程经验的学生,它致力于使学生理解计算机在解决问题中的作用,并且帮助学生，不论其专业，使他们对于能够完成有用的小程序的目标充满信心。\r\n','2014-06-09 00:00:00',4),(45,'抽象编程','http://v.163.com/movie/2008/7/7/Q/M6SIM7VT5_M6SIQI67Q.html','本课程是衔接编程方法论课程，并展示高级编程主题，如递归、算法分析、C++编程语言的数据抽象化，C++类似于C和JAVA语言。如果已经通过电脑科学AP测试并获得高分（4或5分），或者是在大学课程中取得高分，就可以从抽象化编程开始。 抽象化编程假定你已熟悉良好的编程风和软件工程内容(编程方法学的程度)。并能以编程和数据抽象化作为基础来掌握新主题。\r\n','2014-06-09 00:00:00',4),(46,'乐居做过的项目列表','file:///F:/%E9%BE%99%E6%98%8A%E5%AE%8F/work/html/%E4%B9%90%E5%B1%85%E7%A7%91%E6%8A%80/infoDB/html/index.html','暂时没有用到里面没有内容','2014-07-09 00:00:00',0),(47,'brandhall admin manage','http://www.local-leju.cn/pages/staticAdminManage/custom','乐居后台访问地址  ','2014-10-11 00:00:00',8),(48,'乐居后台地址（在线）','http://www.gezlife.com/site/index','\r\n进入后台的地址\r\nuser:xqzj\r\npass:123456','2014-08-01 00:00:00',8),(49,'jquery插件','http://www.jq-school.com/','jquery插件','2014-08-14 00:00:00',9),(50,'brandhall front','http://www.local-leju.cn/pages/staticFront/index','品牌馆前台页面访问地址','2014-10-11 00:00:00',8),(51,'brandhall admin','http://www.local-leju.cn/static/reg','乐居后台访问地址 test','2014-10-11 00:00:00',8),(52,'乐居后台地址2','http://fb.local-leju.cn/manage/property/house','暂无备注信息！','2014-08-20 00:00:00',8),(53,'国外购物类网站','http://cartcraze.com/','暂无备注信息！','2014-08-21 00:00:00',13),(54,'自适应网页设计','http://www.ruanyifeng.com/blog/2012/05/responsive_web_design.html','暂无备注信息！','2014-08-24 00:00:00',1),(55,'Javascript编程风格','http://www.ruanyifeng.com/blog/2012/04/javascript_programming_style.html','暂无备注信息！','2014-08-24 00:00:00',2),(56,'乐居正式服务器地址','http://fb.gezlife.com/','暂无备注信息！','2014-08-26 00:00:00',8),(57,'国外地址1','http://demos.udthemes.com/raw/wordpress/white/','乐居前台首页幻灯参考网站','2014-08-26 00:00:00',13),(58,'国外地址2','http://www.sinnisclothing.com/zh/','暂无备注信息！','2014-08-26 00:00:00',1),(60,'国外地址3','http://themes.siiimple.com/360/','幻灯片360度轮播','2014-08-29 00:00:00',0),(62,'自适应图片网址','http://down.admin5.com/demo/code_pop/18/461/','暂无备注信息！','2014-08-29 00:00:00',1),(63,'自适应图片网址2','http://down.admin5.com/demo/code_pop/18/460/','暂无备注信息！','2014-08-29 00:00:00',13),(64,'变化灵活的CSS网页框架','http://down.admin5.com/demo/code_pop/1/%E5%8F%98%E5%8C%96%E7%81%B5%E6%B4%BB%E7%9A%84CSS%E7%BD%91%E9%A1%B5%E6%A1%86%E6%9E%B6/','变化灵活的CSS网页框架','2014-08-29 00:00:00',1),(65,'登录页面demo','https://www.tumblr.com/','登录页面参考页面','2014-08-30 00:00:00',13),(66,'css 手册','http://www.zhujiangroad.com/program/CSS/','涵盖有软件类，web类，设计类的资料','2014-09-10 00:00:00',1),(67,'canvas api','http://javascript.ruanyifeng.com/htmlapi/canvas.html','暂无备注信息！','2014-09-10 00:00:00',11),(68,'旧版乐居','http://www.local-lite.cn/site/index','暂无备注信息！','2014-09-11 00:00:00',8),(70,'car','http://db.auto.sohu.com/photo_1020/pic2608401.shtml','暂无备注信息！','2014-09-12 00:00:00',3),(71,'css 3 资料','http://c7sky.com/works/css3slides/#1','暂无备注信息！','2014-09-12 00:00:00',1),(72,'页面效果参考网站','http://www.csswinner.com/winners/4','冯川发给我的','2014-09-15 00:00:00',13),(73,'张勇博客','http://www.zhangyoo.com/','乐居程序员张勇博客','2014-09-16 00:00:00',10),(74,'js 基础算法','http://www.cnblogs.com/super-d2/archive/2011/10/16/2212865.html','暂无备注信息！','2014-09-18 00:00:00',2),(75,'乐居后台模仿的网站','http://www.yyyweb.com/demo/metronic-bootstrap/index.html','乐居后台模仿的网站','2014-09-18 00:00:00',13),(76,'jquery插件库','http://www.jq22.com/','jquery插件库','2014-09-22 00:00:00',9),(77,'新闻','http://v.qq.com/cover/d/dxvur7an5kmbq6u.html?vid=n0015001ja6','暂无备注信息！','2014-09-24 00:00:00',3),(78,'挂失网','http://js.cnnboy.com/reportlossview.php?id=433','username:longhaohong\r\npassword:wanelslbmy0','2014-09-27 00:00:00',0),(79,'瀑布流样式','http://www.themes.red-sun-design.com/redfolio/portfolio/','乐居前台二套模板瀑布流样式','2014-09-27 00:00:00',1),(80,'腾讯官网','http://news.qq.com/original/living/l421.html#','腾讯官网 滚轮幻灯效果','2014-09-29 00:00:00',3),(81,'GoogleAnalyticsObject','https://mathiasbynens.be/notes/async-analytics-snippet','动态加载js文件技术','2014-09-29 00:00:00',1),(82,'伯乐在线','http://blog.jobbole.com/10011/','前段技术杂志','2014-09-29 00:00:00',1),(83,'如何将页脚固定在页面底部','http://blog.jobbole.com/10408/','暂无备注信息！','2014-09-29 00:00:00',1),(84,'requirejs','http://www.requirejs.org/','requirejs','2014-09-29 00:00:00',1),(85,'jQuery图片特效脚本prettyPhoto简介','http://zmingcx.com/about-jquery-image-effects-script-prettyphoto.html','jQuery图片特效脚本prettyPhoto简介','2014-09-30 00:00:00',1),(86,'prettyPhoto官网','http://www.no-margin-for-errors.com/projects/prettyphoto-jquery-lightbox-clone/documentation','暂无备注信息！','2014-09-30 00:00:00',0),(87,'C语言 视频教程','http://www.baojy.com/C.html','鑫路历程 c++','2014-10-11 00:00:00',4),(88,'当前前端','http://www.dqqd.me/tag/css3/','当前前端','2014-10-11 00:00:00',1),(89,'前台2套模板','http://www.local-leju.cn/pages/StaticFrontTemp2/index','前台2套模板','2014-10-11 00:00:00',8),(90,'图片可等比放大','http://down.admin5.com/demo/code_pop/18/1961/index.html','响应式幻灯 图片可等比放大（代码不好扣下来）','2014-10-14 00:00:00',1),(91,'WordPress Theme','http://udthemes.com/themes/','国外模板 响应式\r\nhttp://udthemes.com\r\n\r\nProduct: WordPress Theme\r\nStyle: Photography, Portfolio\r\nResponsive: Yes\r\nTech.: HTML5, CSS3','2014-10-14 00:00:00',13),(92,'极品女士','http://tv.sohu.com/20141014/n405113253.shtml?pvid=tc_video&amp;a=&amp;b=http%3A%2F%2Fi1.itc.cn%2F20141015%2F32f_a15a524a_3bc6_c596_fbd2_bfdc619fd493_1.jpg','搞笑','2014-10-15 00:00:00',6),(93,'js 插件 bxslider','http://bxslider.com/','响应式幻灯','2014-10-15 00:00:00',9),(94,' jQuery图表开源软件','http://www.oschina.net/project/tag/275/jquery-chart',' jQuery图表开源软件','2014-10-16 00:00:00',1),(95,'用PHP画折线图','http://lisus2000.blog.163.com/blog/static/70886237201152245425541/','用PHP画折线图','2014-10-16 00:00:00',0),(97,'js 滑动插件','http://www.idangero.us/sliders/swiper/demos.php','滑动插件','2014-10-16 00:00:00',9),(98,'乐居品牌馆后台','http://www.local-leju.cn/user/login','乐居品牌馆后台','2014-10-18 00:00:00',8),(99,'国外页面参考样例','http://hakim.se/experiments','国外页面参考样例 experiments','2014-10-21 00:00:00',13),(100,'js 操作iframe 里元素','http://wenku.baidu.com/view/76d53a7b168884868762d6cb.html','暂无备注信息！','2014-10-27 00:00:00',1),(101,'那些界面动画设计需要瞭解的事情','http://www.ui.cn/project.php?id=20726','那些界面动画设计需要瞭解的事情','2014-10-29 00:00:00',1),(102,'网页动画：JavaScript和CSS3 动效库大全','http://www.ui.cn/project.php?id=16348','暂无备注信息！','2014-10-30 00:00:00',9),(103,'极速标签博客','http://www.gbtags.com/gb/gblibrary.htm','极速标签博客','2014-10-30 00:00:00',1),(104,'屌丝男士','http://tv.sohu.com/20121010/n354554959.shtml?pvid=20f123606d1c96ab','暂无备注信息！','2014-10-30 00:00:00',6),(105,'腾讯文化','http://cul.qq.com/pic.htm?pgv_ref=aio2012&amp;ptlang=2052','暂无备注信息！','2014-11-06 00:00:00',3),(106,'汤姆大叔的博客','http://www.cnblogs.com/TomXu/archive/2011/12/15/2288411.html','深入理解JavaScript系列（1）：编写高质量JavaScript代码的基本要点','2014-11-06 00:00:00',10),(107,'function与感叹号','http://swordair.com/function-and-exclamation-mark/','!function(){}();','2014-11-06 00:00:00',2),(108,'jQuery自定义滚动条插件-Easy Scroll','http://www.jq22.com/jquery-info335','jQuery插件库','2014-11-06 00:00:00',9),(109,'70个专家技巧','http://blog.csdn.net/fgdfgasd/article/details/7091042','暂无备注信息！','2014-11-08 00:00:00',1),(110,'HTML标签嵌套规则  ','http://blog.163.com/hongshaoguoguo%40126/blog/static/180469812013617115036500/','暂无备注信息！','2014-11-08 00:00:00',1),(111,'独行冰海','http://blog.163.com/hongshaoguoguo@126/','前端技术博客','2014-11-08 00:00:00',10),(112,'图片素材库','http://www.houzz.com/','暂无备注信息！','2014-11-10 00:00:00',13),(113,'gezlife 在线服务器','http://www.gezlife.com/apartmentDesign','用于研发测试用','2014-12-19 00:00:00',8),(114,'国外地址4','http://adminex.themebucket.net/fontawesome.html#undo','暂无备注信息！','2014-11-11 00:00:00',1),(115,'登录页面demo','http://www.lofter.com/','暂无备注信息！','2014-11-13 00:00:00',13),(116,'一天玩转Bootstrap前端框架','http://study.163.com/course/introduction/704112.htm#/courseDetail','暂无备注信息！','2014-11-14 00:00:00',1),(117,'Bootstrap 工具','http://www.w3cschool.cc/bootstrap/bootstrap-responsive-utilities.html','Bootstrap','2014-11-20 00:00:00',1),(118,'Yii 中文API','http://www.yiichina.com/guide/1','暂无备注信息！','2014-11-22 00:00:00',11),(119,'乐居后台管理系统','http://admin.local-leju.cn/brandhall/index','暂无备注信息！','2014-11-22 00:00:00',8),(120,'国内最大的IT技能学习平台——慕课网','http://www.imooc.com/course/list','各种视频教程\r\nlly947923503@gmail.com','2014-11-24 00:00:00',4),(121,'优设','http://www.uisdc.com/web-dvpt-and-rapid-visual-6','暂无备注信息！','2014-11-26 00:00:00',12),(122,'w3c 手册','http://www.w3.org/tr','暂无备注信息！','2014-11-26 00:00:00',11),(123,'盘点8种CSS实现垂直居中水平居中的绝对定位居中技术','http://blog.csdn.net/freshlover/article/details/11579669','暂无备注信息！','2014-11-28 00:00:00',1),(124,'gezlife 室内设计模拟平台','http://www.gezlife.com/apartmentDesign','暂无备注信息！','2014-12-05 00:00:00',8),(125,'美家达人室内设计模拟平台','http://www.homestyler.com/floorplan/?lang=zh_CN','HomeStyler:美家达人室内设计模拟平台是一个在线室内设计家居装修软件网络版工具，由美国欧特克公司开发;用户可以在线创建和共享家居设计方案，打造你的梦想之家，支持在线创建户型图，添加家居产品等各种功能。\r\n\r\n美家达人的特点：\r\n1、拖放房间、门和家具，快速创建户型图;\r\n2、轻松试验不同的风格、色彩和装饰材料;\r\n3、大量的家居产品库;\r\n4、轻松一点，即可以三维方式呈现您的家居设计;\r\n5、把您的设计分享给家人、朋友和专家以供点评;\r\n6、使您在设计和选择产品时充满信心。\r\n\r\n美家达人是欧特克为中国家装消费者最新提供的一个家装设计平台，它提供了一套免费的绿色在线设计软件，帮助用户在装修伊始可以自己规划房间布局，风格搭配，并可以迅速通过免费的3D效果图和 照片级效果图来感受整体的设计。 另外美家达人在线丰富的图库可以让用户可以浏览到来自世界各地的设计创意，以激发用户的家装灵感。','2014-12-05 00:00:00',13),(126,'raphaeljs','http://raphaeljs.com/','暂无备注信息！','2014-12-06 00:00:00',9),(127,'webrebuild','http://www.webrebuild.org/2014/','webrebuild.ORG的成立于2007年8月18日，致力于推广“Web标准”，促进全国前端开发工作者的交流，提升前端开发的影响力。自成立以来一直受到W3C中国、蓝色理想等组织的大力支持。深圳站于今年已经成功举办三届交流会。北京09年12月成功举办北京站第一届交流会。 \r\n每月最后一个周六还有web标准化交流会，面向全国各大城市的前端工作者，坐在一起自由交流web标准和前段开发。 \r\n\r\nhttp://www.webrebuild.org \r\nhttp://www.w3ctech.com \r\nhttp://site.douban.com/122158/','2014-12-06 00:00:00',1),(128,'SVG 与 Canvas：如何选择','http://msdn.microsoft.com/zh-cn/library/gg193983','暂无备注信息！','2014-12-06 00:00:00',11),(129,'msdn','https://code.msdn.microsoft.com/','microsoft','2014-12-08 00:00:00',11),(130,'layer','http://sentsin.com/jquery/layer/','layer是一款口碑极佳的web弹层组件，她具备全方位的解决方案，致力于服务各个水平段的开发人员，您的页面会轻松地拥有丰富而友好的操作体验。\r\n\r\n在与同类弹出层插件的比较中，layer总是能轻易获胜。她尽可能地在以更少的代码展现更强健的功能，且格外注重性能的提升、易用和实用性，正因如此，越来越多的开发者将媚眼投上了layer（已被795424人次关注）。layer兼容了包括IE6在内的所有主流浏览器。 她数量可观的接口，使得您可以自定义太多您需要的风格，每一种弹层模式各具特色，广受欢迎。当然，这种“王婆卖瓜”的陈述听起来总是有点难受，因此你需要进一步了解她是否真的如你所愿。\r\n\r\nlayer遵循LGPL协议，将永久性提供无偿服务。历经两年，截至到2014年7月5号，已运用在15万家web平台，其中包括中国联通、蚂蚁短租、phpyun、中国网等知名网站，如果您有大型项目也在使用layer，您可以联系作者，以便在此展现案例，也为您的品牌推广尽一些绵薄之力。Say','2014-12-08 00:00:00',1),(131,'Donate','https://pledgie.com/explore/charity','暂无备注信息！','2014-12-09 00:00:00',13),(132,'小米空气净化器','http://www.mi.com/air','暂无备注信息！','2014-12-09 00:00:00',13),(133,'jQuery resize event','http://benalman.com/projects/jquery-resize-plugin/','暂无备注信息！','2014-12-11 00:00:00',9),(134,'jQuery 页面滚动插件 One Page Scroll','http://www.oschina.net/p/onepage-scroll','onepage-scroll 是一款 jQuery 单页滚动插件，它能够轻松的制作类似 iPhone 5s 的页面，它具有以下功能、特点\r\n\r\n（不）显示右侧圆点项目导航\r\n（不）显示命名锚记\r\n循环/禁止循环\r\n回退（使用浏览器自带滚动）/指定回退\r\n支持键盘控制，左右上下/ Page Up / Page Donw / Home / End 等\r\n水平/横向滚动\r\n回调函数','2014-12-11 00:00:00',9),(135,'阮一峰的网络日志','http://www.ruanyifeng.com/blog/2012/07/three_ways_to_define_a_javascript_class.html','Javascript定义类（class）的三种方法','2014-12-11 00:00:00',10),(136,'cloudgamer ','http://www.cnblogs.com/cloudgamer/archive/2008/11/17/Drag.html','JavaScript 拖放效果','2014-12-14 00:00:00',10),(137,'Model Generator','http://www.local-leju.cn/?r=gii/model','YII Model 生成工具','2014-12-16 00:00:00',14),(138,'更改文件上传框的样式','http://bbs.blueidea.com/thread-1227402-1-1.html','暂无备注信息！','2014-12-16 00:00:00',1),(139,'YII 快速创建项目GII','http://www.cnblogs.com/linzhenjie/archive/2012/11/21/2781768.html','暂无备注信息！','2014-12-16 00:00:00',14),(140,'随鼠标一屏一屏滚动','https://www.tumblr.com/','暂无备注信息！','2014-12-19 00:00:00',13),(141,'让你彻底弄清offset','http://www.cnblogs.com/jscode/archive/2012/09/03/2669299.html','暂无备注信息！','2014-12-22 00:00:00',1),(142,'锤子网址','http://www.smartisan.com/#/overview','乐居售楼中心全屏滚动参考的网站','2014-12-23 00:00:00',13),(143,'让页面滚动更有趣','http://www.dowebok.com/131.html','让页面滚动更有趣','2014-12-23 00:00:00',9),(144,'CSS3动画库','http://www.dowebok.com/demo/2014/98/','CSS3动画库','2014-12-23 00:00:00',1),(145,'Javascript 实现老虎机游戏 涉及知识：鼠标单击 随机数 innerHTML 计时器等  ','http://blog.163.com/hongshaoguoguo@126/blog/static/1804698120125535958464/','Javascript 实现老虎机游戏 涉及知识：鼠标单击 随机数 innerHTML 计时器等  ','2014-12-24 00:00:00',10),(146,'clearfix 最完美的解决方法','http://my.oschina.net/u/1402334/blog/296441','clearfix 最完美的解决方法','2014-12-25 00:00:00',1),(147,'响应式案例','http://biome.imaginemthemes.com/wp/','暂无备注信息！','2014-12-26 00:00:00',1),(148,'户型设计','http://www.local-leju.cn/apartmentDesign','暂无备注信息！','2015-01-07 00:00:00',8),(149,'瀑布流','http://www.wookmark.com/recent','暂无备注信息！','2015-01-07 00:00:00',13),(150,'jQuery 拖拽插件','http://jqueryui.com/sortable/#items','暂无备注信息！','2015-01-07 00:00:00',9),(151,'连体','http://v.qq.com/cover/5/5w4vn5eqtmj5i1n.html?pgv_ref=aio2012&amp;ptlang=2052','暂无备注信息！\r\nhttp://v.qq.com/cover/b/bwomphxmzrvulof.html?vid=k00150okf1w\r\n网传女子在警所被扒裤子 警方公布监控视频澄清','2015-01-09 00:00:00',15),(152,'售楼中心','http://salecenter.gezlive.net/salecenter/index/id/2','暂无备注信息！','2015-01-10 00:00:00',8),(153,'添加flash 信任位置','http://www.macromedia.com/support/documentation/cn/flashplayer/help/settings_manager04.html','暂无备注信息！','2015-01-12 00:00:00',1),(154,'草榴','http://23.252.163.43/index.php?m=&amp;c=Index&amp;a=log','僧人\r\nwanelslbmy','2015-01-14 00:00:00',6),(155,'优设','http://www.uisdc.com/the-great-chinese-webfont','前端工程师的菜！姗姗来迟的中文WEBFONT（附神器推荐）','2015-01-16 00:00:00',1),(156,' 李炎恢老师jQuery初级视频教程(共66课时)','http://edu.51cto.com/index.php?do=lession&amp;id=14456','暂无备注信息！','2015-01-17 00:00:00',1),(157,' jquery实现商品动画飞入购物车效果','http://www.jq-school.com/Preview.aspx?id=362','暂无备注信息！','2015-01-17 00:00:00',9),(158,'jQuery 加入购物车飞入效果','http://james.padolsey.com/javascript/new-jquery-plugin-fly-off-page/','New jQuery plugin: “Fly Off Page”','2015-01-17 00:00:00',9),(159,'加入购物车 ','http://bbs.blueidea.com/thread-3106825-1-1.html','论坛','2015-01-17 00:00:00',9),(160,'100个不能错过的实用JS自定义函数','http://wenku.baidu.com/link?url=wQPgkb6QVbp9d3vxpFoj-SEqLvOu98GjWbMUCZgfoUPPpyJ5KZfR3WuHsM5XwzIXY_P4_aWC3hkw-5N1fvD0wWj8QIX2cp8B1yJFNED6xzS','暂无备注信息！','2015-01-20 00:00:00',1),(161,'户型设计在线测试地址','http://www.gezlive.net/apartmentDesign','暂无备注信息！','2015-01-21 00:00:00',8),(162,'11 个最佳 jQuery 滚动条插件','http://www.iteye.com/news/27748','Custom Srollbar：自定义内容滚动条插件 \r\nhttp://manos.malihu.gr/jquery-custom-content-scroller/    \r\n\r\nA crossbrowser lightweight Javascript / jQuery scrollbar.\r\nhttp://baijs.com/tinyscrollbar/\r\n','2015-01-22 00:00:00',9),(163,'自定义滚动条','http://down.admin5.com/demo/code_pop/18/1464/','一个简单的自定义滚动条\r\n','2015-01-29 00:00:00',1),(164,'评论框','http://dev.duoshuo.com/','暂无备注信息！','2015-01-29 00:00:00',1),(165,'喜鹊 装企品牌馆2.0线上地址','http://zq.gezlife.com/','暂无备注信息！','2015-01-31 00:00:00',8),(166,'Console命令详解,让调试js代码变得更简单','http://www.cnblogs.com/see7di/archive/2011/11/21/2257442.html','暂无备注信息！','2015-02-10 00:00:00',1),(167,'SQLite的SQL语法','http://blog.csdn.net/ejzhang/article/details/6224915/#01','暂无备注信息！','2015-02-24 00:00:00',10),(168,'一个小时内学习SQLite数据库','http://database.51cto.com/art/201205/335411.htm','暂无备注信息！','2015-02-24 00:00:00',2),(169,'ThinkPHP完全开发手册','http://doc.thinkphp.cn/manual/entrance.html','暂无备注信息！','2015-02-24 00:00:00',2);
/*!40000 ALTER TABLE `video_addres` ENABLE KEYS */;
UNLOCK TABLES;
/*!40103 SET TIME_ZONE=@OLD_TIME_ZONE */;

/*!40101 SET SQL_MODE=@OLD_SQL_MODE */;
/*!40014 SET FOREIGN_KEY_CHECKS=@OLD_FOREIGN_KEY_CHECKS */;
/*!40014 SET UNIQUE_CHECKS=@OLD_UNIQUE_CHECKS */;
/*!40101 SET CHARACTER_SET_CLIENT=@OLD_CHARACTER_SET_CLIENT */;
/*!40101 SET CHARACTER_SET_RESULTS=@OLD_CHARACTER_SET_RESULTS */;
/*!40101 SET COLLATION_CONNECTION=@OLD_COLLATION_CONNECTION */;
/*!40111 SET SQL_NOTES=@OLD_SQL_NOTES */;

-- Dump completed on 2015-03-01 20:09:04
